Time(ms),accX,accY,accZ,gyX,gyY,gyZ,Pressure
0,-0.76,9.55,-1.92,0.02,0.02,-0.04,0.46
20,-0.84,9.43,-1.79,0.01,-0.01,-0.03,0.46
40,-0.53,9.48,-1.72,0.0,-0.06,-0.02,0.46
60,-0.06,9.64,-2.02,0.03,-0.04,-0.03,0.36
80,-0.76,9.71,-1.97,0.01,0.04,-0.04,0.36
100,-0.7,9.51,-2.01,0.01,-0.01,-0.02,0.37
120,-0.47,9.52,-2.02,0.0,-0.03,-0.02,0.37
140,-0.41,9.51,-2.04,-0.01,-0.03,-0.03,0.37
160,-0.11,9.61,-1.8,-0.0,-0.02,-0.04,0.38
180,-0.75,9.61,-1.87,-0.01,0.04,-0.04,0.38
200,-1.14,9.48,-1.97,-0.01,-0.02,-0.01,0.38
220,-0.44,9.44,-1.95,-0.02,-0.07,0.01,0.38
240,-0.38,9.65,-1.9,-0.01,-0.03,0.02,0.38
260,-0.92,9.61,-1.83,-0.01,0.01,0.02,0.44
280,-0.66,9.39,-2.02,-0.02,-0.05,0.06,0.44
300,-0.42,9.63,-1.85,-0.02,-0.05,0.06,0.33
320,-0.55,9.68,-1.77,-0.02,-0.08,0.06,0.33
340,0.09,9.52,-2.35,-0.03,-0.05,0.05,0.33
360,-0.22,9.7,-2.02,-0.04,-0.01,0.0,0.3
380,-0.51,9.46,-1.73,-0.05,-0.06,-0.0,0.3
400,0.02,9.56,-1.67,-0.04,-0.07,-0.01,0.3
420,-0.46,9.67,-1.64,-0.04,-0.03,-0.03,0.3
440,-1.03,9.68,-1.74,-0.04,-0.05,0.0,0.3
460,-0.74,9.45,-1.75,-0.04,-0.13,0.03,0.25
480,-0.01,9.34,-1.56,-0.04,-0.13,0.03,0.25
500,-0.21,9.61,-1.61,-0.01,-0.06,0.0,0.63
520,-0.59,9.75,-1.71,-0.02,-0.08,0.03,0.63
540,-0.5,9.22,-1.6,-0.02,-0.1,0.03,0.63
560,-0.33,9.55,-1.2,-0.03,-0.19,0.02,0.25
580,0.37,9.75,-2.3,-0.02,-0.05,-0.01,0.25
600,-1.12,9.65,-2.4,-0.04,-0.01,-0.01,0.25
620,-0.59,9.55,-2.17,-0.06,-0.14,0.03,0.25
640,0.14,9.59,-1.75,-0.07,-0.1,0.02,0.25
660,-0.11,9.6,-1.65,-0.08,-0.03,-0.01,0.37
680,-0.3,9.49,-1.66,-0.1,-0.01,-0.02,0.37
700,-0.49,9.81,-1.66,-0.09,-0.02,0.0,0.56
720,-0.66,9.63,-1.46,-0.09,-0.02,0.03,0.56
740,-0.89,9.46,-1.44,-0.09,-0.04,0.05,0.56
760,-0.28,9.31,-1.25,-0.08,-0.07,0.07,0.34
780,0.17,9.85,-1.44,-0.09,-0.02,0.05,0.34
800,-0.03,9.71,-2.21,-0.1,-0.0,0.01,0.34
820,1.26,9.53,-1.93,-0.12,-0.06,-0.07,0.34
840,2.99,9.99,-2.57,-0.19,0.07,-0.28,0.34
860,1.25,10.46,-3.88,-0.29,0.16,-0.5,0.34
880,0.53,10.51,-3.7,-0.43,-0.09,-0.61,0.34
900,1.48,10.93,-4.01,-0.59,-0.16,-0.76,0.11
920,1.45,11.77,-4.99,-0.72,-0.1,-0.98,0.11
940,1.14,12.06,-5.79,-0.99,-0.15,-1.22,0.11
960,0.9,12.23,-7.0,-1.18,-0.23,-1.43,0.31
980,0.6,10.75,-6.25,-1.17,-0.14,-1.56,0.31
1000,-3.41,10.62,-4.77,-1.03,0.05,-1.74,0.24
1020,-4.57,10.42,-2.44,-0.97,-0.01,-1.53,0.24
1040,-4.52,8.63,-2.54,-0.5,0.64,-1.5,0.24
1060,0.95,6.49,-2.61,-0.21,1.4,-1.18,0.24
1080,0.59,4.44,-2.02,0.52,1.63,-1.02,0.24
1100,-1.05,4.08,-2.69,1.23,1.57,-0.42,0.06
1120,-1.09,5.33,-3.0,1.62,0.91,0.25,0.06
1140,-0.66,6.7,-2.48,1.8,0.21,0.99,0.06
1160,0.08,7.43,-2.75,2.0,-0.28,1.59,-0.19
1180,1.41,8.33,-2.12,2.11,-0.55,2.03,-0.19
1200,2.82,8.93,-1.55,2.22,-0.26,2.31,-0.22
1220,3.17,10.07,-1.9,2.32,0.37,2.45,-0.22
1240,3.29,11.07,-2.06,2.23,1.08,2.54,-0.22
1260,2.26,11.18,-2.14,2.0,1.67,2.51,-0.22
1280,1.41,13.47,-3.35,1.7,1.93,2.56,-0.22
1300,1.78,12.11,-2.47,1.23,1.85,2.61,0.01
1320,1.09,10.86,-2.85,1.04,1.75,2.45,0.01
1340,0.4,10.94,-3.08,0.93,1.54,2.25,0.01
1360,-0.38,10.02,-3.59,0.7,1.23,2.01,-0.29
1380,-2.26,8.63,-2.58,0.58,0.73,1.44,-0.29
1400,-2.24,8.69,-2.82,0.42,0.01,1.08,-0.22
1420,0.01,9.05,-2.3,0.21,-0.39,0.71,-0.22
1440,1.36,8.98,-2.14,0.0,-0.37,0.11,-0.22
1460,1.64,9.0,-1.79,-0.2,-0.05,-0.58,-0.22
1480,1.63,9.65,-1.46,-0.45,0.47,-1.26,-0.22
1500,1.96,10.33,-1.57,-0.79,1.17,-1.91,-0.22
1520,-0.7,8.43,-3.54,-0.77,1.67,-2.35,-0.22
1540,1.83,7.35,-10.05,0.12,1.78,-1.82,-0.22
1560,12.6,11.79,-6.92,-0.16,-0.7,-0.15,-0.09
1580,5.35,11.83,-2.22,-0.91,-1.91,-0.73,-0.09
1600,-5.43,10.96,-6.28,-0.69,0.33,-2.56,-0.03
1620,0.88,11.69,-1.01,-0.68,1.53,-1.88,-0.03
1640,-3.3,9.1,3.06,-0.27,0.59,-2.11,-0.03
1660,-7.03,10.25,-2.86,-0.03,-0.45,-1.73,-0.03
1680,-4.72,9.22,-3.78,-0.26,-0.75,-1.12,-0.03
1700,-0.64,9.72,-2.89,-0.26,-0.81,-0.93,0.18
1720,-0.76,9.73,-3.6,-0.24,-0.81,-0.88,0.18
1740,-0.88,9.41,-3.44,-0.26,-0.42,-0.72,0.18
1760,-1.45,9.13,-3.1,-0.22,-0.25,-0.66,-0.08
1780,-2.7,9.77,-3.27,-0.23,-0.49,-0.5,-0.08
1800,-1.34,9.08,-2.83,-0.23,-0.7,-0.29,0.05
1820,0.32,8.78,-3.07,-0.16,-0.77,-0.29,0.05
1840,-0.36,9.27,-4.4,-0.18,-0.53,-0.31,0.05
1860,0.34,8.66,-3.63,-0.26,-0.55,-0.27,0.05
1880,-0.07,9.1,-4.02,-0.22,-0.44,-0.39,0.05
1900,2.01,8.83,-4.08,-0.19,-0.4,-0.46,0.2
1920,0.75,8.94,-3.92,-0.32,-0.07,-0.62,0.2
1940,-0.59,9.65,-3.06,-0.36,-0.05,-0.77,0.2
1960,1.23,9.54,-3.57,-0.41,-0.21,-0.91,-0.1
1980,-0.52,9.61,-3.56,-0.49,-0.24,-1.0,-0.1
2000,-2.61,9.6,-2.41,-0.52,-0.32,-1.04,-0.36
2020,-2.33,9.31,-2.98,-0.55,-0.6,-1.03,-0.36
2040,-1.36,8.79,-3.04,-0.59,-0.7,-1.0,-0.36
2060,-2.68,9.13,-2.65,-0.6,-0.64,-1.07,-0.36
2080,-3.66,9.48,-2.36,-0.63,-0.93,-1.03,-0.36
2100,-1.14,9.61,-2.95,-0.66,-1.09,-1.05,-0.2
2120,-2.72,10.05,-3.25,-0.68,-0.86,-1.14,-0.2
2140,-4.09,11.36,-2.68,-0.8,-1.08,-1.14,-0.2
2160,-0.23,11.99,-1.87,-0.96,-1.2,-1.22,-0.29
2180,-1.17,12.59,-0.83,-1.1,-0.8,-1.46,-0.29
2200,-1.83,13.96,-1.61,-1.3,-0.59,-1.56,-0.01
2220,-0.47,15.39,-4.57,-1.48,-0.38,-1.69,-0.01
2240,0.8,14.08,-6.38,-1.54,-0.4,-1.93,-0.01
2260,1.04,14.43,-7.1,-1.44,-0.59,-2.27,-0.01
2280,1.59,15.64,-7.2,-1.5,-1.02,-2.48,-0.01
2300,4.7,14.69,-9.27,-1.67,-1.43,-2.52,-0.36
2320,-1.1,13.49,-8.79,-2.05,-0.91,-2.68,-0.36
2340,-6.05,10.12,-5.16,-2.14,-0.71,-2.54,-0.36
2360,-4.67,5.94,-3.75,-1.36,0.26,-2.35,-0.75
2380,-7.08,3.84,-2.18,-0.86,0.76,-1.71,-0.75
2400,-8.89,5.55,-1.71,-0.48,0.44,-0.71,-0.66
2420,-5.63,4.84,-1.19,-0.23,-0.07,0.15,-0.66
2440,-2.34,2.23,0.12,0.05,-0.14,0.97,-0.66
2460,-0.97,0.27,0.96,0.72,0.36,1.53,-0.66
2480,-1.7,0.21,1.04,1.54,0.87,1.89,-0.66
2500,-1.76,2.92,0.45,2.33,1.16,2.56,-0.87
2520,-1.65,5.19,-0.25,2.68,1.19,3.04,-0.87
2540,-1.86,6.06,1.13,2.9,0.84,3.41,-0.87
2560,-3.77,6.88,0.68,3.09,0.52,3.78,-0.87
2580,-2.62,7.68,0.56,3.15,0.37,4.14,-0.87
2600,0.34,8.43,0.96,3.27,0.5,4.37,-1.18
2620,0.41,10.92,0.12,3.35,1.13,4.37,-1.18
2640,-1.52,13.31,0.69,3.14,1.71,4.37,-1.18
2660,-3.74,14.34,0.07,2.74,1.8,4.37,-1.18
2680,-3.77,14.55,-0.27,2.1,1.88,4.37,-1.18
2700,-1.57,14.97,0.32,1.78,2.54,4.37,-1.03
2720,-4.35,16.61,-1.66,1.67,2.71,3.83,-1.03
2740,-6.76,14.14,-2.22,1.04,2.17,3.08,-1.03
2760,-6.6,11.36,-0.21,0.48,0.73,1.72,-0.93
2780,-6.09,10.07,-1.65,-0.09,0.11,0.1,-0.93
2800,-4.52,9.82,-1.31,-0.55,-0.18,-1.67,-0.39
2820,-3.9,11.09,-2.91,-0.72,-0.22,-2.51,-0.39
2840,4.78,12.79,-8.9,-0.46,0.63,-2.17,-0.39
2860,19.61,18.04,0.76,-1.32,-1.75,0.17,-0.39
2880,7.51,10.23,1.76,-0.96,-0.58,-2.17,-0.39
2900,-9.8,7.25,-12.87,0.77,4.37,-4.37,-0.25
2920,-9.27,13.85,-2.29,-0.58,1.65,-2.28,-0.25
2940,-15.43,5.08,0.59,-0.16,0.1,-2.29,-0.25
2960,-8.64,12.63,-4.67,-0.33,-2.27,-1.25,-0.58
2980,0.17,10.09,-1.47,-0.63,-2.45,-0.57,-0.58
3000,5.26,7.32,-0.84,0.03,-0.57,-0.97,-0.2
3020,1.64,10.73,-2.61,0.17,0.36,-1.21,-0.2
3040,-4.47,9.56,-4.71,0.01,0.58,-1.02,-0.2
3060,-4.9,8.62,-4.97,-0.12,-0.71,-0.64,-0.2
3080,-2.03,9.78,-3.68,-0.2,-1.19,-0.35,-0.2
3100,1.17,9.34,-2.58,-0.24,-0.81,-0.37,-0.19
3120,1.85,8.84,-3.94,-0.15,-0.39,-0.5,-0.19
3140,-0.11,9.08,-4.68,-0.19,-0.34,-0.59,-0.19
3160,-1.93,9.08,-3.53,-0.31,-0.69,-0.55,-0.27
3180,0.36,8.96,-3.79,-0.35,-0.7,-0.54,-0.27
3200,-0.55,8.96,-3.82,-0.38,-0.45,-0.68,-0.52
3220,0.68,9.2,-3.58,-0.43,-0.62,-0.68,-0.52
3240,-0.51,9.41,-3.51,-0.49,-0.4,-0.83,-0.52
3260,-2.1,9.37,-3.51,-0.54,-0.43,-0.89,-0.52
3280,0.15,8.91,-3.0,-0.6,-0.65,-0.93,-0.52
3300,0.56,8.87,-3.36,-0.61,-0.31,-1.06,-0.36
3320,-3.18,8.73,-2.85,-0.6,-0.11,-1.14,-0.36
3340,-2.38,8.34,-2.83,-0.54,-0.38,-1.07,-0.36
3360,-3.41,9.7,-1.42,-0.63,-0.4,-1.09,-0.52
3380,-2.33,8.44,-2.65,-0.57,-0.25,-1.0,-0.52
3400,-4.36,8.38,-3.06,-0.52,-0.27,-1.01,-0.46
3420,-4.78,9.61,-1.14,-0.58,-0.75,-0.91,-0.46
3440,-2.53,10.36,-1.42,-0.58,-0.69,-0.9,-0.46
3460,-3.78,11.29,-1.83,-0.6,-0.53,-0.92,-0.46
3480,-3.15,11.17,-1.6,-0.71,-0.7,-0.98,-0.46
3500,-1.96,11.84,-2.75,-0.85,-0.61,-1.1,-0.56
3520,-2.09,12.6,-3.69,-0.95,-0.56,-1.27,-0.56
3540,-2.26,14.55,-5.22,-1.14,-0.67,-1.47,-0.56
3560,-1.26,14.71,-6.17,-1.29,-0.87,-1.71,-0.72
3580,0.92,14.6,-6.66,-1.2,-1.25,-2.04,-0.72
3600,1.8,16.46,-7.18,-1.15,-1.55,-2.33,-0.69
3620,1.07,16.9,-8.48,-1.15,-2.04,-2.39,-0.69
3640,2.78,14.57,-7.92,-1.62,-2.45,-2.15,-0.69
3660,-2.73,13.04,-6.25,-2.01,-1.79,-2.22,-0.61
3680,-2.0,8.38,-2.46,-1.75,-0.43,-1.93,-0.61
3700,-2.92,2.31,-1.12,-1.02,0.98,-1.69,-0.61
3720,-8.71,3.06,-1.46,-0.49,1.38,-1.3,-0.61
3740,-8.13,7.39,-1.81,-0.44,1.22,-0.23,-0.61
3760,-2.89,3.98,-0.32,-0.37,0.93,0.83,-0.85
3780,0.0,1.0,1.91,-0.01,0.78,1.47,-0.85
3800,-2.42,0.67,0.54,0.88,1.25,1.73,-0.77
3820,-3.14,3.2,-0.45,1.4,1.54,2.37,-0.77
3840,-2.16,3.5,0.42,1.77,1.39,2.95,-0.77
3860,-3.2,4.42,1.14,2.19,1.17,3.31,-0.85
3880,-4.12,6.01,-0.72,2.43,1.06,3.65,-0.85
3900,-3.53,7.18,-0.77,2.5,0.81,4.05,-0.85
3920,-2.45,7.97,-0.01,2.68,0.63,4.16,-0.85
3940,-2.13,9.27,-0.66,2.85,0.95,4.26,-0.85
3960,-2.76,9.91,-0.28,2.77,1.36,4.37,-1.5
3980,-4.49,11.37,-0.37,2.75,1.74,4.37,-1.5
4000,-5.94,13.16,-1.65,2.47,1.8,4.37,-1.27
4020,-6.05,12.43,-1.23,2.06,1.27,4.37,-1.27
4040,-5.45,13.54,-1.59,1.71,0.43,4.37,-1.27
4060,-3.52,12.81,-1.46,1.49,0.22,4.02,-1.04
4080,-2.31,12.51,-1.75,1.47,-0.16,3.25,-1.04
4100,-1.56,11.96,-0.83,1.0,-0.27,2.12,-1.04
4120,-1.19,11.17,-0.62,0.34,-0.49,0.95,-1.04
4140,1.38,10.23,0.17,-0.25,-0.21,-0.5,-1.04
4160,-1.76,11.21,-1.26,-0.58,0.32,-1.78,-0.56
4180,-0.22,12.33,-4.41,-0.9,0.48,-2.37,-0.56
4200,10.96,12.62,-7.81,-0.27,1.3,-1.37,-0.37
4220,18.11,15.75,2.05,-1.3,-0.97,-0.84,-0.37
4240,0.77,9.03,-6.12,-0.62,1.99,-3.27,-0.37
4260,-10.15,10.49,-9.99,0.01,3.68,-3.8,-0.25
4280,-12.08,9.5,1.69,-0.75,0.15,-2.46,-0.25
4300,-14.14,9.55,-4.52,-0.42,-1.65,-1.84,-0.25
4320,-3.15,11.04,-1.49,-0.77,-2.99,-0.84,-0.25
4340,3.88,7.83,-0.54,-0.31,-1.71,-0.87,-0.25
4360,3.61,9.85,-4.44,-0.1,0.24,-1.25,-0.54
4380,-2.77,9.67,-4.26,-0.19,0.71,-1.2,-0.54
4400,-5.8,8.74,-4.29,-0.26,-0.33,-0.82,-0.91
4420,-3.58,9.57,-4.2,-0.38,-1.33,-0.49,-0.91
4440,0.95,8.31,-2.0,-0.28,-1.18,-0.37,-0.91
4460,1.46,9.31,-3.42,-0.18,-0.53,-0.47,-0.71
4480,-0.5,9.47,-4.04,-0.23,-0.05,-0.59,-0.71
4500,-2.33,8.76,-3.98,-0.31,-0.44,-0.51,-0.71
4520,-0.92,8.8,-3.7,-0.33,-0.77,-0.47,-0.71
4540,1.75,9.04,-3.2,-0.29,-0.75,-0.53,-0.71
4560,0.86,8.92,-3.23,-0.31,-0.17,-0.73,-0.23
4580,-1.03,9.05,-3.83,-0.36,-0.02,-0.83,-0.23
4600,-1.22,8.98,-3.44,-0.33,-0.43,-0.84,-0.36
4620,-0.02,9.97,-3.11,-0.39,-0.71,-0.89,-0.36
4640,0.09,9.31,-2.89,-0.41,-0.53,-1.05,-0.36
4660,-4.31,9.83,-2.49,-0.47,-0.79,-1.1,-0.45
4680,-2.73,9.0,-4.35,-0.52,-1.2,-0.94,-0.45
4700,-0.07,9.12,-3.97,-0.63,-0.95,-1.07,-0.45
4720,-2.78,9.77,-3.16,-0.73,-0.93,-1.2,-0.45
4740,-3.62,8.85,-3.15,-0.72,-1.01,-1.15,-0.45
4760,-3.77,10.27,-2.98,-0.72,-0.95,-1.17,-0.61
4780,-4.63,11.17,-1.54,-0.79,-1.13,-1.09,-0.61
4800,-1.95,11.57,-1.25,-0.87,-1.02,-1.09,-0.73
4820,-1.79,12.25,-1.7,-0.98,-0.77,-1.27,-0.73
4840,-1.09,12.78,-2.04,-1.13,-0.91,-1.39,-0.73
4860,-2.93,14.27,-2.61,-1.23,-0.72,-1.51,-0.77
4880,-1.1,14.89,-6.23,-1.38,-0.57,-1.63,-0.77
4900,1.03,13.86,-8.13,-1.38,-0.84,-1.96,-0.77
4920,2.54,16.3,-9.18,-1.36,-1.39,-2.23,-0.77
4940,3.71,17.24,-8.62,-1.35,-1.95,-2.29,-0.77
4960,4.65,15.12,-9.52,-1.64,-2.05,-2.33,-1.11
4980,-2.33,13.05,-9.46,-2.15,-1.32,-2.49,-1.11
5000,-2.08,7.36,-3.51,-1.63,-0.1,-2.26,-1.09
5020,-3.91,2.12,-2.29,-0.68,1.22,-2.18,-1.09
5040,-11.77,3.0,-2.06,0.08,1.0,-1.69,-1.09
5060,-11.04,8.19,-3.62,0.08,0.33,-0.48,-0.82
5080,-3.51,5.43,0.09,-0.0,-0.45,0.86,-0.82
5100,1.1,0.17,2.06,0.56,-0.26,1.38,-0.82
5120,-0.45,0.01,0.7,1.48,0.84,1.46,-0.82
5140,-0.98,2.57,-0.22,2.19,1.68,2.23,-0.82
5160,-2.01,4.32,0.21,2.62,1.67,2.97,-0.6
5180,-3.21,6.26,0.92,2.89,1.19,3.51,-0.6
5200,-1.99,7.01,1.33,2.93,0.54,4.11,-0.88
5220,-1.96,8.07,0.7,3.02,0.48,4.37,-0.88
5240,-0.7,9.44,0.85,3.06,0.59,4.37,-0.88
5260,-0.6,10.31,0.44,3.08,0.84,4.37,-0.93
5280,-2.16,11.04,0.9,3.02,1.72,4.37,-0.93
5300,-2.5,14.03,0.92,2.72,2.46,4.37,-0.93
5320,-4.69,14.96,0.51,2.43,2.85,4.37,-0.93
5340,-7.06,16.8,-1.48,1.73,2.56,4.37,-0.93
5360,-6.99,16.67,-0.93,0.96,1.75,4.13,-0.82
5380,-7.39,12.43,0.45,0.81,1.46,2.85,-0.82
5400,-8.77,10.2,-0.66,0.48,1.04,0.84,-0.75
5420,-6.34,11.33,-1.67,-0.3,0.44,-0.83,-0.75
5440,-5.94,10.81,-2.0,-0.75,0.14,-2.23,-0.75
5460,1.05,10.72,-9.79,-0.43,1.19,-2.95,-0.7
5480,19.61,19.61,-3.93,-0.95,-0.24,-0.21,-0.7
5500,9.18,11.91,5.46,-1.28,-1.03,-2.74,-0.7
5520,-13.21,4.35,-9.76,0.68,4.37,-4.37,-0.7
5540,-12.54,12.76,-2.4,-0.79,0.86,-2.55,-0.7
5560,-19.61,4.64,-1.21,0.04,-0.43,-2.58,-0.57
5580,-3.98,12.78,-2.08,-0.2,-2.94,-1.14,-0.57
5600,4.33,8.32,-0.9,-0.13,-1.89,-1.09,-0.72
5620,2.78,9.08,-5.16,-0.15,0.29,-1.45,-0.72
5640,-6.79,10.98,-4.58,-0.23,0.54,-1.34,-0.72
5660,-6.77,8.15,-2.73,-0.3,-0.74,-0.73,-0.74
5680,-0.75,9.0,-3.59,-0.27,-0.83,-0.51,-0.74
5700,-0.57,9.65,-2.84,-0.27,-0.24,-0.48,-0.74
5720,-2.12,8.86,-2.83,-0.25,-0.21,-0.43,-0.74
5740,-2.6,8.74,-3.39,-0.22,-0.39,-0.34,-0.74
5760,-0.83,8.93,-3.61,-0.23,-0.47,-0.27,-0.52
5780,-1.2,9.08,-2.8,-0.18,-0.48,-0.3,-0.52
5800,0.36,9.09,-3.52,-0.21,-0.53,-0.38,-0.57
5820,-0.47,8.87,-3.11,-0.25,-0.48,-0.52,-0.57
5840,-0.88,9.17,-3.07,-0.3,-0.49,-0.58,-0.57
5860,-0.89,9.63,-3.18,-0.33,-0.54,-0.7,-0.61
5880,-0.17,9.4,-3.31,-0.37,-0.64,-0.74,-0.61
5900,-1.39,8.68,-2.89,-0.37,-0.49,-0.85,-0.61
5920,-0.71,8.07,-3.44,-0.37,-0.45,-0.92,-0.61
5940,-2.89,9.15,-3.16,-0.41,-0.5,-1.0,-0.61
5960,-3.22,10.09,-2.57,-0.47,-0.92,-0.98,-0.36
5980,-0.71,10.45,-1.88,-0.57,-1.04,-1.02,-0.36
6000,-2.12,9.88,-2.83,-0.56,-0.56,-1.09,-0.52
6020,-4.23,9.96,-3.16,-0.58,-0.6,-1.14,-0.52
6040,-3.97,10.7,-2.12,-0.7,-0.94,-1.11,-0.52
6060,-1.59,12.4,-1.98,-0.86,-1.04,-1.18,-0.64
6080,-1.99,12.07,-3.2,-0.89,-0.78,-1.43,-0.64
6100,-4.14,13.19,-3.19,-1.01,-1.0,-1.5,-0.62
6120,-1.02,14.61,-4.21,-1.18,-1.3,-1.6,-0.62
6140,1.24,16.69,-6.72,-1.37,-1.42,-1.92,-0.62
6160,3.27,16.47,-7.64,-1.44,-1.6,-2.32,-0.62
6180,3.44,16.57,-7.25,-1.27,-2.3,-2.59,-0.62
6200,4.46,18.53,-10.47,-1.61,-3.05,-2.39,-0.56
6220,5.03,12.9,-9.92,-2.33,-2.89,-2.25,-0.56
6240,-0.57,10.06,-2.64,-2.62,-1.01,-2.34,-0.56
6260,-2.69,3.01,-4.79,-1.2,2.34,-2.76,-0.77
6280,-8.92,2.25,-3.88,-0.81,3.66,-1.87,-0.77
6300,-14.14,2.69,-1.4,-0.82,2.29,-0.74,-0.81
6320,-12.62,5.71,-2.38,-0.78,0.95,0.12,-0.81
6340,-4.76,4.93,1.25,-1.09,-0.17,1.37,-0.81
6360,0.28,0.41,1.26,-0.42,0.34,1.98,-0.81
6380,-1.59,0.03,0.16,0.46,1.02,2.23,-0.81
6400,-4.16,1.71,-1.03,1.35,1.82,2.6,-1.21
6420,-3.68,4.44,-0.52,1.87,1.54,3.3,-1.21
6440,-3.69,5.73,0.63,2.18,0.92,3.72,-1.21
6460,-4.48,5.61,-0.34,2.43,0.69,4.0,-0.76
6480,-3.19,5.97,0.09,2.58,0.39,4.34,-0.76
6500,-1.39,6.48,-0.47,2.94,0.58,4.37,-1.11
6520,-0.38,7.61,-1.15,3.24,1.31,4.37,-1.11
6540,-2.49,10.45,-1.87,3.38,1.86,4.37,-1.11
6560,-4.65,11.77,-1.17,3.11,1.86,4.37,-1.11
6580,-9.05,12.6,-1.23,2.92,1.35,4.37,-1.11
6600,-8.73,15.99,-2.33,2.54,0.77,4.37,-0.57
6620,-7.65,14.37,-1.45,2.04,-0.2,4.37,-0.57
6640,-5.31,13.63,-1.58,1.58,-0.82,3.76,-0.57
6660,-1.82,13.93,-0.8,1.2,-0.71,2.26,-0.43
6680,-4.58,11.09,0.08,0.38,-0.41,0.38,-0.43
6700,-5.66,11.35,-0.31,-0.4,-1.1,-1.63,-0.62
6720,-1.18,12.35,-0.6,-0.99,-0.77,-2.85,-0.62
6740,7.32,10.67,-7.12,-0.99,1.33,-3.33,-0.62
6760,19.61,12.89,-10.86,-0.06,3.13,-0.38,-0.62
6780,15.71,17.26,6.84,-1.31,-0.53,-1.15,-0.62
6800,-17.95,2.5,-12.92,0.1,4.37,-4.37,-0.49
6820,-17.71,17.46,-5.09,-0.48,2.48,-2.34,-0.49
6840,-12.6,5.7,2.8,-0.54,0.29,-2.29,-0.49
6860,-7.61,15.19,-1.46,-0.28,-2.13,-1.75,-0.62
6880,-3.5,8.87,-2.97,-0.62,-2.73,-1.01,-0.62
6900,0.41,8.13,-1.57,-0.16,-1.06,-0.9,-0.52
6920,1.48,10.82,-3.52,-0.1,-0.32,-1.01,-0.52
6940,-3.15,9.11,-4.75,-0.19,-0.1,-0.91,-0.52
6960,-4.99,9.12,-5.32,-0.36,-0.71,-0.61,-0.52
6980,-3.51,8.23,-4.78,-0.41,-1.08,-0.25,-0.52
7000,-0.28,8.58,-3.48,-0.35,-1.02,-0.12,-0.34
7020,1.23,8.95,-3.67,-0.27,-0.78,-0.15,-0.34
7040,0.14,8.68,-4.71,-0.26,-0.46,-0.25,-0.34
7060,-0.91,7.88,-4.97,-0.31,-0.42,-0.27,-0.48
7080,-2.14,8.88,-3.6,-0.32,-0.58,-0.28,-0.48
7100,0.91,9.14,-2.76,-0.31,-0.74,-0.3,-0.67
7120,1.62,9.17,-3.36,-0.32,-0.55,-0.46,-0.67
7140,0.06,9.1,-4.13,-0.37,-0.41,-0.65,-0.67
7160,-0.93,9.07,-4.24,-0.44,-0.56,-0.8,-0.67
7180,0.64,9.71,-4.13,-0.56,-0.94,-0.88,-0.67
7200,0.24,9.37,-3.45,-0.65,-0.9,-1.07,-0.53
7220,0.06,9.04,-3.47,-0.68,-0.87,-1.28,-0.53
7240,-1.61,8.03,-3.84,-0.63,-0.81,-1.37,-0.53
7260,-4.38,9.04,-3.06,-0.67,-0.86,-1.33,-0.52
7280,-5.3,9.59,-1.95,-0.64,-1.08,-1.15,-0.52
7300,-1.24,10.69,-1.18,-0.75,-1.12,-1.09,-0.57
7320,-2.26,10.65,-1.17,-0.79,-0.64,-1.15,-0.57
7340,-3.73,10.72,-2.04,-0.8,-0.58,-1.23,-0.57
7360,-3.25,11.65,-2.04,-0.89,-0.83,-1.28,-0.57
7380,-2.13,12.9,-3.02,-1.01,-1.1,-1.38,-0.57
7400,0.02,15.31,-6.08,-1.21,-1.16,-1.71,-0.81
7420,2.58,15.78,-7.48,-1.44,-1.15,-2.09,-0.81
7440,2.29,17.43,-7.31,-1.4,-1.33,-2.57,-0.81
7460,1.43,19.61,-8.17,-1.32,-1.91,-2.71,-0.71
7480,3.54,18.88,-11.66,-1.66,-2.53,-2.53,-0.71
7500,0.1,13.96,-8.75,-2.1,-2.51,-2.45,-1.12
7520,-4.21,11.1,-3.79,-2.33,-1.39,-2.45,-1.12
7540,-3.68,3.38,-3.54,-1.01,0.7,-2.44,-1.12
7560,-6.74,1.62,-2.24,-0.38,1.4,-1.72,-1.12
7580,-10.68,2.82,-2.29,-0.21,0.99,-0.69,-1.12
7600,-7.91,5.72,-1.28,-0.17,0.48,0.44,-0.99
7620,-2.18,3.79,1.81,-0.42,-0.12,1.52,-0.99
7640,1.16,-0.33,2.2,0.19,0.73,2.01,-0.99
7660,-0.1,-0.16,0.56,0.9,1.81,2.44,-0.93
7680,-1.02,1.3,-0.45,1.47,2.56,2.92,-0.93
7700,-1.84,3.06,-0.5,1.94,2.79,3.48,-1.3
7720,-3.14,4.75,-1.06,2.11,2.35,3.96,-1.3
7740,-5.09,4.97,-0.31,2.21,1.44,4.37,-1.3
7760,-5.03,5.74,-0.47,2.41,0.73,4.37,-1.3
7780,-3.5,6.77,-1.08,2.78,0.45,4.37,-1.3
7800,-1.4,9.05,-1.17,3.08,1.15,4.37,-0.97
7820,-2.7,12.52,-1.8,3.18,2.01,4.37,-0.97
7840,-8.47,14.7,-1.96,2.87,2.24,4.37,-0.97
7860,-10.68,17.28,-4.27,2.37,1.88,4.37,-1.0
7880,-9.54,15.42,-2.98,1.62,0.3,4.36,-1.0
7900,-7.42,11.4,-1.82,1.36,-0.5,3.27,-0.82
7920,-4.52,11.85,-1.36,1.2,-0.81,1.76,-0.82
7940,-5.99,11.94,-0.11,0.46,-0.96,0.09,-0.82
7960,-5.92,11.37,1.45,-0.4,-1.39,-1.49,-0.82
7980,3.96,15.54,-1.96,-1.04,-0.93,-2.47,-0.82
8000,19.61,19.61,-5.83,-1.09,1.76,-0.37,-0.72
8020,19.61,13.46,6.37,-1.05,0.24,-0.9,-0.72
8040,-11.97,-2.45,-18.08,0.29,4.37,-4.37,-0.72
8060,-19.61,19.61,-5.09,0.39,4.37,-4.37,-0.85
8080,-17.15,-3.66,-0.49,-1.0,-1.92,-1.15,-0.85
8100,-7.82,16.43,-2.88,-0.59,-4.33,-1.0,-0.86
8120,3.63,10.75,-1.03,-0.88,-3.87,-0.41,-0.86
8140,6.65,6.01,0.64,-0.02,-1.08,-0.82,-0.86
8160,4.49,10.27,-4.78,0.06,1.02,-1.34,-0.86
8180,-9.22,10.75,-6.45,-0.17,1.4,-1.28,-0.86
8200,-9.49,7.44,-4.13,-0.36,-1.08,-0.25,-0.91
8220,-1.64,9.54,-4.47,-0.4,-1.62,0.07,-0.91
8240,2.75,9.19,-3.09,-0.37,-0.8,0.0,-0.91
8260,0.6,8.78,-2.98,-0.29,-0.02,-0.23,-1.05
8280,-2.12,9.12,-4.22,-0.27,-0.02,-0.26,-1.05
8300,-2.67,8.54,-4.01,-0.29,-0.56,-0.1,-0.49
8320,0.35,8.38,-3.62,-0.29,-0.78,-0.09,-0.49
8340,2.39,8.8,-3.59,-0.28,-0.42,-0.29,-0.49
8360,0.19,9.27,-3.36,-0.31,-0.16,-0.52,-0.49
8380,-0.54,9.4,-3.26,-0.33,-0.35,-0.56,-0.49
8400,-1.11,9.48,-3.32,-0.37,-0.49,-0.64,-1.05
8420,0.35,9.59,-4.25,-0.44,-0.62,-0.73,-1.05
8440,0.56,9.57,-4.7,-0.54,-0.77,-0.87,-1.05
8460,0.46,9.4,-3.94,-0.66,-0.75,-1.06,-0.84
8480,-0.96,9.38,-3.22,-0.75,-0.76,-1.24,-0.84
8500,-1.67,9.17,-3.24,-0.84,-0.73,-1.33,-0.69
8520,-2.84,9.28,-3.47,-0.78,-0.76,-1.34,-0.69
8540,-3.27,9.9,-2.91,-0.83,-0.9,-1.32,-0.69
8560,-4.59,10.63,-1.0,-0.87,-0.97,-1.26,-0.69
8580,-3.76,11.57,-1.16,-0.88,-1.03,-1.18,-0.69
8600,-1.12,11.47,-1.89,-0.97,-0.91,-1.27,-0.52
8620,-1.02,12.45,-2.12,-1.12,-0.82,-1.42,-0.52
8640,-1.11,13.1,-3.44,-1.21,-0.82,-1.62,-0.52
8660,0.37,15.36,-5.07,-1.41,-0.77,-1.84,-0.67
8680,2.52,16.41,-7.41,-1.67,-0.49,-2.17,-0.67
8700,2.26,15.73,-8.45,-1.54,-0.69,-2.65,-0.73
8720,2.13,17.26,-10.21,-1.38,-1.66,-2.7,-0.73
8740,4.59,16.97,-11.39,-1.71,-2.35,-2.46,-0.73
8760,0.03,12.94,-7.86,-2.13,-1.95,-2.65,-0.91
8780,-4.45,9.18,-4.49,-1.97,-0.17,-2.72,-0.91
8800,-6.07,3.39,-2.57,-0.89,1.54,-2.63,-0.91
8820,-11.78,3.07,-2.88,-0.28,1.74,-1.69,-0.91
8840,-11.16,6.49,-0.72,-0.61,0.2,-0.04,-0.91
8860,-6.25,4.02,1.61,-0.55,-0.48,0.94,-0.92
8880,-0.19,0.67,1.59,-0.02,0.09,1.78,-0.92
8900,0.86,-1.46,0.52,0.78,1.1,2.14,-1.16
8920,-1.36,0.0,0.41,1.54,2.08,2.43,-1.16
8940,-2.64,2.38,-0.82,2.16,2.48,3.13,-1.16
8960,-3.09,4.36,-0.09,2.33,1.82,3.8,-0.91
8980,-5.44,4.54,0.82,2.52,0.89,4.2,-0.91
9000,-4.02,5.31,0.01,2.69,0.29,4.37,-0.91
9020,-1.76,5.87,-0.34,2.93,0.04,4.37,-0.91
9040,-0.09,7.57,-0.5,3.38,0.45,4.37,-0.91
9060,-0.31,11.25,-0.56,3.56,1.4,4.37,-1.6
9080,-4.76,13.65,-1.48,3.29,2.08,4.37,-1.6
9100,-9.65,15.99,-2.16,2.96,2.31,4.37,-1.16
9120,-8.19,16.32,-1.97,2.33,1.54,4.37,-1.16
9140,-8.81,16.92,-2.55,1.68,-0.08,4.37,-1.16
9160,-5.88,13.86,0.36,1.05,-0.41,3.43,-0.88
9180,-3.06,11.83,2.03,0.88,-0.32,1.32,-0.88
9200,-4.5,11.93,0.11,-0.28,-0.01,-0.94,-0.88
9220,-3.83,11.54,0.53,-0.91,-0.02,-2.56,-0.88
9240,4.44,11.46,-9.04,-0.62,1.3,-3.03,-0.88
9260,19.61,18.61,-7.71,-0.64,0.85,0.39,-0.69
9280,13.26,13.08,8.2,-1.63,-2.04,-1.38,-0.69
9300,-13.22,4.2,-13.42,0.18,4.37,-4.37,-0.43
9320,-16.63,17.77,-1.66,-0.29,2.51,-2.91,-0.43
9340,-13.53,3.27,0.7,-0.68,0.25,-1.92,-0.43
9360,-7.71,13.07,-3.48,-0.11,-1.62,-1.48,-0.52
9380,-1.67,10.75,-3.66,-0.75,-2.73,-0.8,-0.52
9400,1.09,8.04,-0.91,-0.42,-1.21,-0.8,-0.52
9420,3.16,9.06,-0.63,0.03,-0.34,-0.96,-0.52
9440,-1.28,9.69,-5.62,-0.05,0.41,-0.99,-0.52
9460,-6.23,9.31,-5.5,-0.28,0.13,-0.73,-0.74
9480,-4.42,8.89,-3.82,-0.36,-1.07,-0.28,-0.74
9500,0.07,9.44,-3.18,-0.37,-0.95,-0.13,-0.76
9520,1.75,8.85,-3.03,-0.29,-0.58,-0.15,-0.76
9540,-0.67,9.33,-4.04,-0.28,-0.23,-0.29,-0.76
9560,-2.3,9.27,-4.28,-0.33,-0.61,-0.24,-0.95
9580,0.13,8.63,-4.07,-0.35,-0.97,-0.2,-0.95
9600,1.3,8.73,-3.56,-0.39,-0.68,-0.38,-0.95
9620,0.49,9.01,-3.63,-0.43,-0.62,-0.55,-0.95
9640,1.39,9.13,-4.11,-0.49,-0.61,-0.68,-0.95
9660,-0.99,9.18,-3.24,-0.53,-0.47,-0.8,-0.61
9680,-0.78,8.78,-3.4,-0.56,-0.57,-0.84,-0.61
9700,-0.28,9.07,-3.66,-0.62,-0.55,-0.96,-0.62
9720,-0.17,8.64,-3.64,-0.62,-0.51,-1.04,-0.62
9740,-0.66,8.29,-3.48,-0.6,-0.4,-1.18,-0.62
9760,-3.65,9.79,-2.23,-0.72,-0.55,-1.29,-0.69
9780,-2.7,9.48,-2.51,-0.71,-0.76,-1.15,-0.69
9800,-1.87,9.67,-3.27,-0.72,-0.47,-1.2,-0.69
9820,-5.05,10.06,-2.72,-0.76,-0.55,-1.2,-0.69
9840,-4.36,11.61,-2.08,-0.79,-1.0,-1.16,-0.69
9860,-1.75,11.94,-2.56,-0.91,-1.07,-1.15,-0.69
9880,-0.5,13.24,-2.66,-1.04,-0.98,-1.41,-0.69
9900,-0.58,15.1,-4.0,-1.28,-0.94,-1.67,-0.54
9920,1.89,16.64,-6.17,-1.55,-0.88,-1.98,-0.54
9940,4.34,15.85,-7.45,-1.61,-0.82,-2.47,-0.54
9960,1.91,17.36,-8.56,-1.38,-0.99,-2.96,-0.72
9980,-0.33,18.93,-10.33,-1.34,-2.24,-2.83,-0.72
10000,3.27,16.1,-12.11,-1.83,-3.19,-2.21,-0.72
10020,-0.66,11.37,-6.67,-2.08,-2.42,-2.18,-0.72
10040,-2.53,6.9,-4.02,-1.53,-0.28,-2.14,-0.72
10060,-3.9,1.61,-0.3,-0.73,0.99,-1.72,-1.37
10080,-11.14,2.22,-0.34,-0.35,1.34,-1.07,-1.37
10100,-10.99,6.66,-1.47,-0.42,0.96,0.08,-1.15
10120,-3.61,3.6,0.87,-0.47,0.94,1.39,-1.15
10140,0.5,-1.09,1.36,0.06,1.37,2.02,-1.15
10160,-0.32,-0.93,0.01,0.99,2.15,2.09,-1.3
10180,-2.89,1.24,-0.33,1.67,2.44,2.49,-1.3
10200,-6.08,3.41,-1.69,2.08,1.97,3.29,-1.3
10220,-6.22,5.12,-0.34,2.14,0.98,4.01,-1.3
10240,-3.58,4.85,0.51,2.42,0.32,4.37,-1.3
10260,-2.04,5.18,0.26,2.71,0.24,4.37,-1.37
10280,-1.69,6.83,-0.84,3.03,0.9,4.37,-1.37
10300,-0.31,8.77,-0.42,3.25,1.56,4.37,-1.3
10320,-2.52,11.74,-0.67,3.25,2.03,4.37,-1.3
10340,-5.09,13.94,-2.68,3.03,2.21,4.37,-1.3
10360,-5.5,16.3,-2.6,2.67,2.49,4.37,-1.2
10380,-7.41,17.06,-3.02,2.21,1.85,4.37,-1.2
10400,-6.84,14.6,-3.33,1.6,0.62,4.08,-1.2
10420,-6.35,12.47,-1.42,1.27,-0.12,3.0,-1.2
10440,-5.77,11.74,-0.17,1.01,-0.92,1.57,-1.2
10460,-1.57,11.72,-1.17,0.01,-1.32,0.03,-1.19
10480,-1.07,10.46,0.26,-0.55,-0.89,-1.61,-1.19
10500,-1.35,11.29,-0.37,-0.94,-0.27,-2.89,-1.19
10520,3.51,10.73,-5.73,-0.91,1.07,-3.38,-1.19
10540,19.61,15.48,-9.79,-0.33,2.88,-0.73,-1.19
10560,19.61,16.14,8.29,-1.45,-1.1,-0.65,-1.09
10580,-11.39,3.55,-10.11,-0.61,3.56,-4.37,-1.09
10600,-18.62,16.29,-7.59,0.51,3.07,-3.26,-1.09
10620,-7.75,7.3,-0.15,-1.24,0.01,-1.69,-1.09
10640,-8.07,7.57,-3.2,0.02,-1.16,-2.09,-1.09
10660,-4.91,14.64,-4.33,-0.98,-2.66,-1.16,-0.82
10680,-0.24,6.62,-1.58,-0.73,-1.43,-0.87,-0.82
10700,2.72,9.69,-0.88,-0.26,-0.12,-1.14,-0.91
10720,-1.13,10.63,-3.75,-0.22,0.56,-1.25,-0.91
10740,-4.92,8.13,-3.53,-0.26,0.43,-0.97,-0.91
10760,-4.8,9.61,-3.77,-0.3,-0.59,-0.67,-0.83
10780,-2.59,9.3,-3.13,-0.36,-1.17,-0.39,-0.83
10800,0.09,8.95,-3.33,-0.29,-1.11,-0.28,-0.83
10820,0.62,9.57,-3.6,-0.3,-0.53,-0.44,-0.83
10840,-0.52,8.73,-3.6,-0.27,-0.31,-0.54,-0.83
10860,-1.35,8.77,-3.98,-0.32,-0.27,-0.47,-0.87
10880,-0.66,8.63,-3.37,-0.34,-0.41,-0.5,-0.87
10900,0.21,9.26,-2.86,-0.33,-0.39,-0.61,-0.94
10920,-0.84,9.14,-2.82,-0.37,-0.37,-0.73,-0.94
10940,-0.73,8.85,-3.21,-0.38,-0.52,-0.8,-0.94
10960,-0.86,9.31,-4.06,-0.44,-0.59,-0.89,-0.94
10980,-1.68,9.19,-3.44,-0.48,-0.61,-1.0,-0.94
11000,-0.46,9.47,-2.91,-0.56,-0.97,-1.06,-0.94
11020,-1.56,9.53,-3.27,-0.63,-0.89,-1.21,-0.94
11040,-2.33,9.05,-3.18,-0.64,-0.81,-1.22,-0.94
11060,-3.48,9.2,-3.66,-0.63,-0.75,-1.22,-0.79
11080,-5.22,10.07,-2.54,-0.69,-1.01,-1.17,-0.79
11100,-3.9,11.01,-1.95,-0.71,-1.25,-1.13,-0.78
11120,-2.37,12.65,-1.56,-0.79,-1.21,-1.2,-0.78
11140,0.78,12.64,-1.73,-0.91,-1.01,-1.43,-0.78
11160,-0.0,13.88,-3.63,-1.09,-0.83,-1.75,-0.62
11180,-2.37,16.24,-4.43,-1.22,-0.67,-1.97,-0.62
11200,0.89,16.43,-7.46,-1.38,-0.85,-2.11,-0.83
11220,2.19,16.04,-8.49,-1.19,-1.3,-2.53,-0.83
11240,1.24,19.12,-10.32,-1.08,-2.42,-2.61,-0.83
11260,5.38,16.45,-11.52,-1.4,-3.41,-2.12,-0.83
11280,-0.23,12.42,-5.88,-1.81,-2.51,-2.46,-0.83
11300,-4.24,8.98,-4.27,-1.34,-0.24,-2.65,-1.25
11320,-3.42,3.39,-2.24,-0.61,0.98,-2.13,-1.25
11340,-8.61,2.4,-0.34,-0.2,1.01,-1.38,-1.25
11360,-11.57,6.61,-1.21,-0.31,0.77,-0.48,-1.26
11380,-6.14,6.19,-0.01,-0.42,0.55,0.65,-1.26
11400,0.15,1.06,1.6,-0.22,0.64,1.6,-1.69
11420,0.08,-1.09,1.41,0.58,1.11,1.8,-1.69
11440,-2.35,0.57,0.36,1.36,1.8,2.22,-1.69
11460,-3.04,2.68,-0.29,1.92,1.99,3.01,-1.69
11480,-2.3,4.03,0.6,2.15,1.43,3.7,-1.69
11500,-1.94,4.84,1.43,2.4,0.95,4.15,-1.54
11520,-1.77,6.16,0.63,2.55,0.88,4.37,-1.54
11540,-1.53,7.35,0.26,2.7,1.04,4.37,-1.54
11560,-0.79,8.78,0.26,2.8,1.13,4.37,-1.54
11580,-1.4,11.03,-0.29,2.92,1.76,4.37,-1.54
11600,-1.35,14.43,-0.83,2.7,2.71,4.37,-1.3
11620,-5.34,15.48,-0.26,2.28,3.11,4.37,-1.3
11640,-9.03,18.7,-2.99,1.75,3.11,4.37,-1.3
11660,-11.16,17.28,-2.02,0.95,0.78,4.37,-1.3
11680,-11.03,12.52,-1.39,0.83,-0.48,3.58,-1.3
11700,-4.26,9.55,0.83,0.52,-0.53,1.44,-1.24
11720,-5.41,11.32,-1.1,-0.25,-0.27,-1.03,-1.24
11740,-7.1,11.71,0.37,-0.9,-0.43,-2.52,-1.24
11760,-6.11,10.27,-1.18,-1.1,-0.99,-3.33,-1.15
11780,9.07,9.17,-12.02,0.06,0.71,-2.04,-1.15
11800,19.61,19.61,1.34,-1.16,-3.65,1.9,-1.04
11820,4.44,13.63,0.45,-1.68,-2.4,-2.34,-1.04
11840,-14.93,12.78,-12.42,0.88,4.37,-4.37,-1.04
11860,-7.55,11.15,1.22,-1.49,-0.23,-1.49,-1.04
11880,-13.15,1.08,1.6,0.37,-0.23,-2.42,-1.04
11900,-6.44,15.14,-4.89,-0.41,-1.94,-1.25,-0.94
11920,-0.99,9.15,-2.0,-0.44,-1.83,-0.85,-0.94
11940,2.74,6.87,-3.95,-0.21,-0.59,-0.83,-0.94
11960,-2.29,11.65,-4.35,-0.25,0.26,-1.04,-1.11
11980,-5.3,9.2,-3.56,-0.36,-0.44,-0.66,-1.11
12000,-1.64,7.95,-4.28,-0.3,-0.9,-0.32,-1.09
12020,-0.3,9.0,-4.15,-0.29,-0.74,-0.34,-1.09
12040,0.07,8.8,-3.91,-0.33,-0.42,-0.37,-1.09
12060,-1.57,8.98,-3.62,-0.31,-0.3,-0.37,-1.09
12080,-1.33,9.28,-3.44,-0.29,-0.61,-0.29,-1.09
12100,1.5,8.49,-4.32,-0.31,-0.69,-0.32,-0.87
12120,1.14,8.8,-3.79,-0.36,-0.29,-0.54,-0.87
12140,-0.98,10.47,-1.82,-0.46,-0.21,-0.7,-0.87
12160,0.85,9.65,-2.15,-0.49,-0.37,-0.73,-1.34
12180,-0.27,9.36,-3.23,-0.5,-0.1,-0.93,-1.34
12200,-2.03,9.45,-3.07,-0.55,-0.27,-1.0,-1.17
12220,-2.0,8.98,-2.94,-0.55,-0.34,-0.94,-1.17
12240,-2.57,8.86,-2.75,-0.59,-0.36,-0.97,-1.17
12260,-3.88,9.7,-2.46,-0.62,-0.56,-0.95,-1.17
12280,-2.2,9.57,-2.67,-0.63,-0.74,-0.88,-1.17
12300,-2.25,10.01,-2.09,-0.65,-0.71,-0.95,-0.81
12320,-2.06,9.88,-2.92,-0.69,-0.71,-0.98,-0.81
12340,-2.07,10.52,-2.61,-0.75,-0.58,-1.09,-0.81
12360,-2.35,11.63,-1.82,-0.86,-0.69,-1.18,-1.06
12380,-0.5,12.36,-2.36,-0.99,-0.72,-1.32,-1.06
12400,-0.63,12.72,-2.33,-1.12,-0.47,-1.57,-1.0
12420,-3.2,13.29,-2.85,-1.19,-0.6,-1.71,-1.0
12440,-0.74,16.03,-5.65,-1.38,-1.04,-1.77,-1.0
12460,4.49,16.46,-8.95,-1.58,-1.05,-2.1,-1.0
12480,5.41,15.96,-9.56,-1.4,-1.24,-2.66,-1.0
12500,3.81,17.74,-11.11,-1.41,-1.7,-2.91,-1.52
12520,3.36,13.58,-10.39,-1.76,-2.16,-2.67,-1.52
12540,-5.27,11.77,-6.24,-2.13,-1.78,-2.67,-1.52
12560,-5.41,7.37,-4.11,-1.14,0.05,-2.73,-1.49
12580,-6.55,3.62,-2.33,-0.5,1.05,-1.95,-1.49
12600,-10.64,4.17,-0.07,-0.25,0.36,-0.88,-1.35
12620,-8.84,6.43,0.22,-0.15,-0.27,-0.05,-1.35
12640,-1.95,3.31,0.48,-0.1,0.06,1.08,-1.35
12660,1.57,-0.82,2.06,0.59,0.89,1.6,-1.35
12680,-0.29,0.34,-0.42,1.4,2.07,1.94,-1.35
12700,-2.58,1.37,0.66,1.97,2.47,2.64,-1.45
12720,-4.54,3.33,0.55,2.37,2.11,3.29,-1.45
12740,-3.01,5.97,0.93,2.4,1.25,3.96,-1.45
12760,-3.69,5.97,0.06,2.38,1.01,4.37,-1.65
12780,-3.56,6.51,0.39,2.58,1.06,4.37,-1.65
12800,-1.14,8.8,-0.21,2.82,1.36,4.37,-1.36
12820,-1.66,10.58,0.56,2.86,1.89,4.37,-1.36
12840,-5.09,13.22,-1.46,2.63,2.13,4.37,-1.36
12860,-6.22,14.72,-0.58,2.14,2.44,4.37,-1.36
12880,-7.07,12.24,-1.27,2.0,2.55,4.37,-1.36
12900,-9.18,14.96,-3.84,1.73,1.6,4.2,-1.62
12920,-10.11,13.73,-2.54,1.31,-0.06,4.0,-1.62
12940,-6.56,11.12,-0.83,1.11,-1.37,3.1,-1.62
12960,-3.3,12.01,-1.11,0.74,-1.49,1.57,-1.19
12980,-1.71,10.99,-1.31,0.02,-1.14,-0.02,-1.19
13000,-0.66,10.06,-0.87,-0.4,-0.57,-1.77,-0.75
13020,0.64,11.01,-1.76,-0.76,0.4,-2.82,-0.75
13040,1.67,9.96,-3.26,-0.84,1.46,-3.08,-0.75
13060,17.0,9.5,-8.23,-0.33,3.23,-1.43,-0.75
13080,19.61,18.88,2.36,-1.12,1.03,-0.35,-0.75
13100,-7.83,8.42,-6.63,-0.67,3.15,-3.68,-0.77
13120,-15.43,12.08,-8.93,0.84,4.37,-4.21,-0.77
13140,-7.54,9.95,-0.52,-1.17,0.13,-2.14,-0.77
13160,-12.23,3.65,-3.62,0.05,-0.72,-2.32,-0.74
13180,-6.37,14.19,-3.58,-0.71,-2.38,-1.08,-0.74
13200,2.73,6.45,-2.29,-0.35,-0.99,-0.92,-0.86
13220,2.54,10.11,-1.85,-0.16,0.31,-1.31,-0.86
13240,-3.4,11.57,-3.03,-0.17,0.59,-1.2,-0.86
13260,-6.29,7.87,-3.53,-0.21,-0.21,-0.81,-0.86
13280,-2.95,9.23,-2.77,-0.19,-1.05,-0.56,-0.86
13300,0.66,9.92,-2.49,-0.2,-1.0,-0.41,-1.08
13320,-0.05,8.93,-3.03,-0.19,-0.42,-0.57,-1.08
13340,0.24,8.75,-3.28,-0.17,-0.33,-0.56,-1.08
13360,-2.52,9.77,-4.36,-0.27,-0.42,-0.61,-1.09
13380,-2.07,8.42,-3.48,-0.3,-0.61,-0.47,-1.09
13400,0.86,8.82,-3.42,-0.27,-0.45,-0.5,-1.16
13420,-0.03,9.36,-3.17,-0.32,-0.16,-0.7,-1.16
13440,-2.19,8.84,-3.45,-0.33,-0.15,-0.76,-1.16
13460,-1.57,9.06,-2.81,-0.33,-0.43,-0.74,-1.16
13480,0.7,8.99,-3.06,-0.37,-0.42,-0.85,-1.16
13500,-2.46,8.7,-3.83,-0.34,-0.16,-0.98,-0.73
13520,-2.87,8.44,-2.82,-0.33,-0.32,-0.89,-0.73
13540,-1.35,8.94,-2.69,-0.37,-0.46,-0.97,-0.73
13560,-3.16,10.43,-2.55,-0.44,-0.45,-1.03,-0.61
13580,-3.13,9.74,-2.5,-0.47,-0.75,-1.03,-0.61
13600,-2.22,9.99,-3.06,-0.54,-0.98,-1.06,-1.14
13620,-4.46,9.92,-4.09,-0.54,-0.82,-1.11,-1.14
13640,-5.38,10.93,-3.29,-0.56,-1.11,-1.04,-1.14
13660,-2.86,12.16,-2.01,-0.69,-1.48,-1.02,-1.14
13680,-0.45,12.32,-2.65,-0.77,-1.38,-1.23,-1.14
13700,0.55,14.26,-4.43,-0.95,-1.28,-1.58,-0.92
13720,2.31,16.59,-6.37,-1.24,-1.15,-2.01,-0.92
13740,1.87,17.0,-6.68,-1.39,-1.16,-2.46,-0.92
13760,2.09,17.34,-6.85,-1.18,-1.67,-2.88,-1.12
13780,0.89,18.72,-10.07,-1.09,-2.35,-2.85,-1.12
13800,3.85,15.56,-9.77,-1.58,-2.71,-2.45,-1.34
13820,-2.66,11.09,-6.48,-1.61,-1.81,-2.52,-1.34
13840,-4.92,6.9,-3.86,-1.28,-0.53,-2.19,-1.34
13860,-3.86,1.79,-1.29,-0.61,0.08,-1.4,-1.38
13880,-8.02,1.1,0.66,-0.17,-0.07,-0.79,-1.38
13900,-9.73,5.91,-1.14,-0.05,0.05,0.03,-1.38
13920,-3.65,4.71,0.92,-0.2,0.24,1.18,-1.38
13940,0.98,0.46,1.66,0.15,0.94,1.77,-1.38
13960,0.55,0.05,0.71,0.89,2.02,1.91,-1.11
13980,-2.4,1.56,0.3,1.47,2.68,2.31,-1.11
14000,-5.14,3.62,-1.34,1.9,2.62,2.95,-0.91
14020,-4.99,5.7,-0.08,1.85,1.58,3.68,-0.91
14040,-4.76,4.81,0.12,1.97,0.7,4.09,-0.91
14060,-3.5,5.53,0.01,2.15,0.45,4.36,-1.42
14080,-1.47,6.45,-0.52,2.52,0.99,4.37,-1.42
14100,-1.09,8.74,-0.6,2.77,1.94,4.37,-1.42
14120,-4.46,11.26,-2.1,2.72,2.31,4.37,-1.42
14140,-8.13,12.78,-2.59,2.41,2.03,4.37,-1.42
14160,-8.96,12.79,-3.0,2.34,1.26,4.37,-1.45
14180,-7.73,11.21,-2.81,2.29,0.38,4.37,-1.45
14200,-7.17,13.31,-3.38,2.29,-0.68,4.23,-1.23
14220,-6.56,14.45,-4.13,1.84,-1.51,3.81,-1.23
14240,-1.62,11.53,-1.39,1.27,-2.1,2.94,-1.23
14260,2.02,10.5,-0.79,0.87,-1.59,1.32,-1.14
14280,1.34,11.25,-1.57,0.18,-0.66,-0.36,-1.14
14300,0.14,10.36,-0.59,-0.41,-0.27,-1.94,-1.14
14320,-0.13,11.29,-1.02,-0.84,0.27,-2.88,-1.14
14340,4.83,10.22,-5.59,-0.9,1.4,-3.05,-1.14
14360,19.61,11.03,-6.68,-0.16,2.11,-0.47,-0.88
14380,15.5,15.98,5.17,-1.21,-1.62,-0.23,-0.88
14400,-10.25,6.96,-12.94,-0.54,3.01,-3.6,-1.1
14420,-6.86,14.22,-8.22,0.14,3.87,-3.09,-1.1
14440,-9.58,13.89,2.23,-1.29,-0.03,-2.68,-1.1
14460,-11.36,5.07,-2.17,-0.31,-1.03,-2.07,-0.72
14480,-8.8,10.94,-3.29,-0.67,-2.74,-1.1,-0.72
14500,0.57,8.42,-2.24,-0.47,-1.94,-0.69,-0.72
14520,3.17,8.28,-2.25,-0.19,-1.01,-0.78,-0.72
14540,-0.93,10.89,-4.17,-0.15,0.26,-0.94,-0.72
14560,-4.98,9.02,-4.63,-0.29,0.02,-0.71,-0.95
14580,-3.93,8.11,-4.53,-0.3,-0.88,-0.39,-0.95
14600,-0.4,8.95,-4.79,-0.36,-1.0,-0.25,-0.91
14620,0.62,8.45,-3.77,-0.33,-0.68,-0.29,-0.91
14640,-0.47,9.03,-4.07,-0.31,-0.34,-0.36,-0.91
14660,-1.26,8.4,-4.32,-0.32,-0.1,-0.37,-0.69
14680,-1.54,8.58,-3.92,-0.34,-0.37,-0.36,-0.69
14700,-0.21,9.69,-3.83,-0.42,-0.46,-0.45,-0.69
14720,0.35,9.17,-3.51,-0.42,-0.15,-0.54,-0.69
14740,-2.45,8.44,-3.35,-0.4,-0.14,-0.7,-0.69
14760,-0.02,9.23,-3.65,-0.43,-0.67,-0.65,-0.68
14780,-0.52,9.39,-3.81,-0.45,-0.4,-0.82,-0.68
14800,-1.74,8.61,-3.41,-0.48,-0.32,-0.89,-0.78
14820,-2.27,8.88,-3.47,-0.52,-0.46,-0.92,-0.78
14840,-2.73,8.72,-2.93,-0.55,-0.49,-0.92,-0.78
14860,-2.23,8.66,-2.51,-0.52,-0.43,-0.93,-0.67
14880,-3.91,9.28,-2.73,-0.57,-0.5,-0.93,-0.67
14900,-2.52,8.64,-2.69,-0.59,-0.61,-0.88,-0.67
14920,-2.74,9.39,-2.72,-0.62,-0.56,-0.94,-0.67
14940,-4.52,10.26,-2.58,-0.65,-0.77,-0.92,-0.67
14960,-2.64,10.35,-3.15,-0.7,-1.05,-0.92,-0.47
14980,-2.6,11.57,-2.39,-0.81,-1.04,-1.04,-0.47
15000,-1.6,11.85,-2.25,-0.93,-1.12,-1.21,-0.75
15020,-0.43,13.97,-3.91,-1.06,-0.98,-1.45,-0.75
15040,-0.33,15.0,-5.44,-1.29,-0.72,-1.78,-0.75
15060,-0.69,14.17,-6.16,-1.25,-0.91,-2.18,-0.72
15080,-0.73,16.67,-6.64,-1.24,-1.4,-2.42,-0.72
15100,0.29,18.14,-8.55,-1.22,-2.1,-2.5,-0.72
15120,0.35,16.79,-9.32,-1.31,-2.65,-2.38,-0.72
15140,-1.69,12.33,-7.99,-1.42,-2.92,-2.08,-0.72
15160,-3.04,7.44,-4.87,-1.31,-1.9,-1.89,-1.07
15180,-1.97,3.11,-1.67,-0.52,-0.53,-1.67,-1.07
15200,-6.22,1.15,-0.1,0.01,0.1,-1.17,-1.23
15220,-9.5,4.74,-0.87,0.23,0.3,-0.72,-1.23
15240,-5.03,6.22,0.62,0.09,0.48,0.27,-1.23
15260,-0.23,1.16,1.75,0.28,0.88,0.99,-0.91
15280,-0.42,0.05,1.57,0.94,1.73,1.26,-0.91
15300,-1.66,2.49,0.01,1.66,2.48,1.79,-0.91
15320,-2.91,4.13,0.05,1.94,2.22,2.42,-0.91
15340,-4.95,5.47,0.46,2.08,1.52,3.01,-0.91
15360,-3.97,6.24,0.4,2.14,0.85,3.66,-1.15
15380,-1.81,6.39,0.38,2.17,0.44,4.08,-1.15
15400,-1.25,6.8,0.49,2.43,0.63,4.33,-1.23
15420,0.08,8.46,-0.46,2.69,1.31,4.37,-1.23
15440,-0.67,10.51,-1.22,2.78,2.0,4.37,-1.23
15460,-3.06,12.62,-1.47,2.6,2.27,4.37,-1.11
15480,-4.21,14.09,-2.23,2.35,2.23,4.37,-1.11
15500,-6.87,15.77,-2.32,2.03,2.12,4.37,-1.11
15520,-7.99,16.64,-3.82,1.54,1.52,4.37,-1.11
15540,-4.98,13.09,-0.13,0.94,0.02,3.89,-1.11
15560,-6.15,10.57,0.18,0.93,0.0,2.24,-1.25
15580,-3.38,11.15,-0.59,0.28,0.16,0.31,-1.25
15600,-3.19,10.5,-0.98,-0.69,0.15,-1.51,-0.62
15620,-6.19,9.63,0.7,-0.92,0.11,-2.83,-0.62
15640,2.34,10.81,-7.55,-0.72,0.71,-2.81,-0.62
15660,19.61,14.13,-7.6,-0.27,0.22,0.66,-0.94
15680,13.55,16.92,9.17,-1.56,-2.85,-0.47,-0.94
15700,-7.65,6.5,-12.91,-0.01,4.25,-4.37,-0.94
15720,-9.53,17.48,-0.37,-0.21,2.19,-2.73,-0.94
15740,-10.69,5.35,1.19,-0.7,0.5,-2.38,-0.94
15760,-10.73,6.28,-5.37,0.1,-0.63,-1.7,-0.55
15780,-4.72,13.4,-3.84,-0.57,-1.83,-0.89,-0.55
15800,0.02,8.21,-2.14,-0.5,-1.31,-0.75,-0.44
15820,1.98,8.54,-2.41,-0.23,-0.34,-0.82,-0.44
15840,0.46,10.62,-2.87,-0.19,0.13,-0.96,-0.44
15860,-3.35,8.72,-3.56,-0.21,0.12,-0.86,-0.17
15880,-3.3,9.19,-4.39,-0.27,-0.37,-0.62,-0.17
15900,-1.92,9.06,-3.88,-0.36,-0.72,-0.41,-0.17
15920,-1.12,8.8,-3.73,-0.35,-0.54,-0.32,-0.17
15940,0.02,8.88,-2.73,-0.27,-0.47,-0.29,-0.17
15960,1.19,8.6,-3.23,-0.18,-0.43,-0.31,-0.77
15980,0.98,8.62,-4.41,-0.18,-0.13,-0.48,-0.77
16000,-1.78,9.3,-3.02,-0.29,-0.18,-0.59,-0.75
16020,-2.51,10.61,-1.56,-0.36,-0.45,-0.59,-0.75
16040,0.31,8.94,-1.83,-0.27,-0.51,-0.64,-0.75
16060,2.64,9.35,-3.07,-0.24,-0.27,-0.83,-0.71
16080,-0.68,8.86,-4.67,-0.36,0.04,-1.05,-0.71
16100,-3.64,8.79,-3.09,-0.47,-0.16,-1.01,-0.71
16120,-1.36,9.14,-3.12,-0.5,-0.4,-0.97,-0.71
16140,-0.78,9.0,-2.74,-0.49,-0.29,-1.07,-0.71
16160,-1.53,9.1,-2.12,-0.51,-0.36,-1.12,-0.75
16180,-3.87,9.51,-2.09,-0.57,-0.32,-1.2,-0.75
16200,-4.24,9.56,-2.52,-0.59,-0.69,-1.06,-0.58
16220,-3.41,9.73,-2.99,-0.66,-0.82,-0.99,-0.58
16240,-2.59,9.3,-2.6,-0.76,-0.89,-1.01,-0.58
16260,-5.29,9.57,-2.59,-0.76,-0.82,-0.98,-1.07
16280,-4.76,10.1,-2.55,-0.79,-1.15,-0.9,-1.07
16300,-2.23,12.62,-3.66,-0.94,-1.19,-1.02,-0.89
16320,0.82,15.77,-4.31,-1.16,-1.09,-1.23,-0.89
16340,-0.06,15.38,-5.53,-1.2,-0.93,-1.82,-0.89
16360,1.23,16.79,-5.36,-1.31,-1.2,-2.25,-0.85
16380,1.35,17.62,-5.58,-1.3,-1.28,-2.72,-0.85
16400,0.04,19.37,-8.29,-1.38,-1.75,-2.89,-0.96
16420,0.91,17.74,-10.17,-1.72,-2.32,-2.6,-0.96
16440,-0.25,12.99,-8.81,-2.01,-2.12,-2.23,-0.96
16460,0.55,7.69,-4.64,-1.64,-0.87,-1.98,-1.2
16480,-0.74,2.3,-1.98,-0.88,0.69,-1.78,-1.2
16500,-8.24,2.32,-1.23,-0.22,1.01,-1.34,-1.29
16520,-11.31,7.84,-1.93,-0.07,1.32,-0.48,-1.29
16540,-3.96,4.26,0.36,-0.19,0.91,0.92,-1.29
16560,0.45,0.62,1.53,0.21,1.16,1.52,-1.29
16580,-0.96,0.63,1.14,0.95,1.86,1.88,-1.29
16600,-1.91,2.32,0.06,1.63,2.45,2.55,-1.02
16620,-1.75,4.16,-0.29,1.96,2.26,3.24,-1.02
16640,-3.01,5.51,0.26,2.1,1.69,3.87,-1.02
16660,-3.42,5.68,0.89,2.21,1.2,4.37,-1.33
16680,-2.41,6.5,0.7,2.38,0.94,4.37,-1.33
16700,-0.79,8.73,0.18,2.5,0.88,4.37,-1.02
16720,0.31,9.93,-0.1,2.59,1.29,4.37,-1.02
16740,-1.06,12.22,0.01,2.61,1.93,4.37,-1.02
16760,-2.94,15.29,-1.11,2.41,2.91,4.37,-1.02
16780,-6.92,14.14,-1.26,2.11,3.16,4.37,-1.02
16800,-10.12,18.66,-4.02,1.56,2.04,4.37,-0.81
16820,-12.03,14.37,-1.1,0.83,-0.07,4.3,-0.81
16840,-8.99,9.34,-0.91,0.91,-1.02,3.13,-0.81
16860,-2.55,10.29,-0.42,0.51,-1.27,1.07,-0.41
16880,-4.93,10.79,-0.83,-0.47,-1.02,-0.64,-0.41
16900,-2.35,9.56,0.4,-0.92,-1.2,-2.13,-0.4
16920,0.26,10.38,-1.24,-1.07,-0.26,-2.93,-0.4
16940,12.24,7.99,-12.2,0.24,1.98,-1.43,-0.4
16960,19.61,19.61,-7.17,0.18,-1.21,2.1,-0.4
16980,1.0,10.01,6.21,-1.95,-2.74,-0.94,-0.4
17000,-7.65,5.58,-10.3,-0.04,3.67,-3.53,-0.07
17020,3.59,16.18,1.43,0.16,2.12,-1.98,-0.07
17040,-8.26,13.32,-4.51,0.14,2.85,-3.85,-0.07
17060,-11.01,5.07,-2.04,-0.1,-0.33,-2.42,-0.0
17080,-17.09,12.53,-6.28,-0.56,-2.39,-1.29,-0.0
17100,2.06,7.65,0.91,-0.17,-2.71,-0.52,-0.02
17120,8.05,8.66,-2.77,0.13,-1.28,-0.73,-0.02
17140,3.74,9.73,-6.88,0.08,1.3,-1.2,-0.02
17160,-4.31,8.49,-5.54,-0.13,1.07,-1.06,-0.02
17180,-6.42,9.21,-2.74,-0.14,-0.25,-0.57,-0.02
17200,-0.37,9.16,-2.85,-0.12,-0.44,-0.23,-0.16
17220,0.54,8.92,-2.45,-0.05,0.05,-0.26,-0.16
17240,-0.86,10.11,-3.32,-0.05,-0.03,-0.31,-0.16
17260,-0.32,8.59,-4.19,-0.07,-0.28,-0.25,-0.35
